"抗体,团队,取得,研究,疫苗"
"气旋,新冠,提供,气流,团队"
"疫苗,中国,窃取,领先地位,美国"
"疫苗,中国,窃取,领先地位,美国"
"疫苗,中国,窃取,领先地位,美国"
"中国,疫苗,窃取,领先地位,美国"
"疫苗,中国,窃取,领先地位,美国"
"疫苗,中国,窃取,领先地位,美国"
"疫苗,中国,临床,上市,国家"
"美国,疫苗,疫情,中国,口罩"
"土豆,新冠,重组,听说,知道"
"疫苗,中国,新冠,合作,美国"
"新冠,疫苗,发表,数据,领衔"
"泰国,免费,游客,新冠,疫情"
"疫苗,数据,引发,疾病,新冠"
"组织,美国,疫苗,全球,加入"
"组织,美国,疫苗,全球,加入"
"准备,试验,技术,重组,疫苗"
"疫苗,新冠,时候,病毒,重组"
"新冠,病毒,活疫苗,上市,投产"
"疫苗,新冠,时候,重组,病毒"
"疫苗,新冠,临床试验,开展,获得"
"疫苗,新冠,临床试验,开展,获得"
"疫苗,新冠,临床试验,获得,临床"
"疫苗,新冠,查查,专利权,重组"
"中国,疫苗,优先,社区,显示"
"新冠,荣誉称号,研制,疫苗,英雄"
"女性,面对,精神,争取,新冠"
"疫苗,病毒,疫情,新冠,无法"
"生物,疫苗,国药,集团,上市"
"疫苗,新冠,启动,中国,秘鲁"
"疫苗,新冠,病毒,蛋白,可能"
"巴西,疫苗,中国,进行,临床试验"
"中国,自费,肯定,人群,调查表"
"疫苗,新冠,收购,不变,美国"
"疫苗,中国,谈判,实验室,公司"
"活疫苗,国药,中国,高风险,感染"
"财经,小时"
"国药,中国,高风险,生物,财经"
"国药,生物,中国,高风险,感染"
"国药,中国,高风险,生物,感染"
"国药,高风险,中国,使用,实现"
"国药,中国,高风险,生物,感染"
"国药,中国,高风险,生物,感染"
"国药,高风险,中国,感染,生物"
"国药,中国,高风险,生物,感染"
"高风险,国药,使用,实现,生物"
"国药,高风险,生物,中国,感染"
"活疫苗,文章,头条,发布,中国"
"国药,高风险,实现,使用,生物"
"疫苗,新冠,收购,不变,美国"
"测试,疫苗,中国,圣保罗州,老年人"
"国药,高风险,中国,感染,生物"
"国药,中国,感染,生物,高风险"
"新冠,中国,治疗,生物,患者"
"秘鲁,疫苗,开始,中国,进行"
"高风险,国药,生物,中国,接种"
"国药,中国,高风险,生物,集团"
"国药,高风险,生物,中国,感染"
"国药,中国,感染,集团,生物"
"国药,中国,高风险,生物,感染"
"脸书,国药,欧洲,不能,罚款"
"脸书,国药,欧洲,不能,罚款"
"国药,感染,高风险,生物,中国"
"国药,高风险,使用,感染,实现"
"国药,高风险,生物,中国,感染"
"国药,感染,生物,高风险,中国"
"国药,高风险,实现,使用,中国"
"国药,感染,中国,高风险,生物"
"国药,中国,高风险,生物,感染"
"国药,高风险,生物,中国,感染"
"中国,有限公司,生物,国产,技术"
"国药,感染,高风险,生物,中国"
"国药,中国,感染,集团,接种"
"疫苗,狂犬,畜生,中国,政策"
"中国,软耳,甜兔,疫苗,肺炎"
"显示,疫苗,州长,中国,巴西"
"国药,生物,中国,新冠,感染"
"中国,数据,效果,免疫,生物"
"国药,生物,中国,新冠,感染"
"新冠,疫苗,肺炎,免疫原性,流感病毒"
"疫苗,新冠,中国,美国,受到"
"国药,高风险,中国,感染,生物"
"国药,高风险,中国,感染,生物"
"集体,亮相,外媒,中国,活疫苗"
"中国,国药,高风险,生物,活疫苗"
"中国,国家,疫苗,检测,临床"
"国药,上海,中国,感染,生物"
"疫苗,生物,预计,中国,定价"
"中国,国药,生物,感染,活疫苗"
"国药,感染,活疫苗,中国,高风险"
"中国,利益,疫苗,国家,防控"
"接种,高风险,感染,使用,研制"
"活疫苗,生物,国药,中国,国产"
"国药,中国,高风险,使用,实现"
"手机,国药,收跌,接种,版本"
"高风险,国药,活疫苗,生物,中国"
"疫苗,肺炎,新冠,专家,雨滴"
"高风险,国药,使用,实现,生物"
"感染,国药,高风险,生物,活疫苗"
"国药,生物,中国,新冠,感染"
"高风险,国药,活疫苗,生物,中国"
"活疫苗,高风险,接种,消息,实现"
"高风险,国药,活疫苗,生物,中国"
"中国,国药,高风险,活疫苗,生物"
"国药,中国,高风险,活疫苗,生物"
"国药,中国,活疫苗,高风险,生物"
"疫苗,中国,进入,内地,鼻式"
"高风险,国药,活疫苗,生物,中国"
"感染,国药,高风险,生物,活疫苗"
"国药,高风险,感染,生物,中国"
"国药,生物,中国,高风险,新冠"
"国药,高风险,使用,感染,实现"
"重磅,国药,看到,活疫苗,负责"
"国药,高风险,使用,实现,集团"
"国药,活疫苗,中国,高风险,生物"
"国药,中国,活疫苗,高风险,生物"
"国药,高风险,实现,生物,中国"
"国药,中国,活疫苗,高风险,生物"
"国药,中国,活疫苗,高风险,感染"
"国药,中国,活疫苗,高风险,生物"
"国药,中国,活疫苗,高风险,生物"
"高风险,使用,实现,生物,中国"
"中国,国药,活疫苗,高风险,生物"
"国药,活疫苗,中国,高风险,生物"
"国药,活疫苗,中国,高风险,生物"
"国药,中国,活疫苗,高风险,生物"
"国药,中国,活疫苗,高风险,生物"
"国药,中国,活疫苗,高风险,生物"
"集合,活疫苗,国产,科研人员,中国"
"国药,活疫苗,中国,高风险,生物"
"国药,活疫苗,中国,高风险,生物"
"国药,活疫苗,中国,高风险,生物"
"美国,国药,确诊,活疫苗,中国"
"国药,中国,高风险,活疫苗,生物"
"国药,中国,活疫苗,高风险,生物"
"国药,高风险,生物,中国,感染"
"中国,生物,国药,感染,高风险"
"生物,网易,感染,认知,中国"
"高风险,国药,活疫苗,生物,中国"
"国药,活疫苗,中国,感染,高风险"
"国药,中国,活疫苗,高风险,生物"
"国药,中国,活疫苗,高风险,生物"
"国家,比如,高风险,建设,国药"
"高风险,感染,国家,生物,疫情"
"高风险,国药,活疫苗,感染,生物"
"中国,国药,高风险,生物,感染"
"高风险,感染,国药,中国,活疫苗"
"国药,高风险,活疫苗,生物,中国"
"中国,国药,活疫苗,生物,高风险"
"预测,活疫苗,国产,预测学,计划"
"国药,中国,活疫苗,高风险,生物"
"活疫苗,国产,好消息,中国,加油"
"国药,中国,高风险,活疫苗,生物"
"国药,活疫苗,中国,高风险,生物"
"国药,媒体,中国,感染,活疫苗"
"感染,活疫苗,国药,高风险,生物"
"高风险,国药,活疫苗,感染,生物"
"国药,中国,生物,高风险,活疫苗"
"活疫苗,国家,相信,莫名,比如"
"疫苗,生物,抗体,国药,活疫苗"
"国药,高风险,实现,生物,中国"
"国药,高风险,活疫苗,中国,战鹤"
"活疫苗,国药,疫苗,高风险,科学"
"国药,中国,活疫苗,高风险,生物"
"感染,活疫苗,国药,高风险,生物"
"高风险,感染,国药,生物,活疫苗"
"国药,中国,活疫苗,高风险,生物"
"中国,国药,高风险,生物,活疫苗"
"国药,活疫苗,中国,高风险,生物"
"国药,中国,生物,活疫苗,感染"
"没有,疫情,中国,世界,安宁"
"疫苗,生物,抗体,国药,活疫苗"
"国药,高风险,生物,中国,活疫苗"
"国药,中国,活疫苗,高风险,生物"
"国药,中国,活疫苗,高风险,生物"
"加油,活疫苗,国产,打倒,花儿"
"疫苗,新冠,中国,贸易,伴随"
"疫苗,生物,抗体,国药,活疫苗"
"国药,中国,活疫苗,高风险,生物"
"活疫苗,英国牛津,临床,研制,生物"
"高风险,感染,国家,生物,疫情"
"高风险,感染,国药,活疫苗,生物"
"国药,中国,活疫苗,高风险,生物"
"话题,中国,爆料,表示,科兴"
"活疫苗,购买,时装,文艺,中国"
"疫苗,新冠,接种,病毒,中国"
"中国,国产,疫苗,汉口站,显示"
"国药,生物,中国,新冠,感染"
"国药,中国,活疫苗,高风险,感染"
"国药,中国,活疫苗,高风险,生物"
"疫苗,新冠,接种,上市,开始"
"高风险,活疫苗,外交人员,例如,救治"
"国药,中国,活疫苗,高风险,生物"
"活疫苗,国药,生物,中国,新冠"
"国药,中国,活疫苗,高风险,生物"
"中国,国药,活疫苗,生物,高风险"
"国药,活疫苗,中国,高风险,生物"
"国药,高风险,生物,中国,活疫苗"
"国药,中国,生物,感染,临床"
"感染,新冠,LU,使用,活疫苗"
"巴西,疫苗,中国,进行,临床试验"
"国药,活疫苗,中国,高风险,生物"
"疫苗,行业,中国,突出,特点"
"国药,中国,高风险,活疫苗,生物"
"中国,国药,高风险,生物,活疫苗"
"国药,活疫苗,中国,高风险,生物"
"国药,中国,活疫苗,感染,高风险"
"国药,中国,生物,临床,国家"
"国药,活疫苗,中国,高风险,感染"
"国药,中国,活疫苗,高风险,生物"
"活疫苗,高风险,国药,生物,中国"
"国药,生物,活疫苗,中国,国产"
"国药,活疫苗,中国,高风险,生物"
"感染,国药,生物,高风险,活疫苗"
"生物,国药,活疫苗,高风险,中国"
"中国,国药,高风险,活疫苗,生物"
"国药,中国,活疫苗,高风险,生物"
"国药,活疫苗,高风险,生物,中国"
"疫苗,生物,抗体,国药,活疫苗"
"感染,活疫苗,国药,中国,高风险"
"国药,中国,高风险,活疫苗,生物"
"国药,中国,活疫苗,感染,高风险"
"世界,看看,国产,崛起,重磅"
"国药,中国,活疫苗,高风险,生物"
"国药,中国,活疫苗,高风险,生物"
"国药,高风险,中国,实现,使用"
"疫苗,国产,接种,实验,战胜"
"英国牛津,临床,活疫苗,使用,国药"
"感染,活疫苗,国药,高风险,生物"
"活疫苗,高风险,国药,疫情,生物"
"国药,中国,活疫苗,高风险,生物"
"方式,免疫,粘膜免疫,成人,一针"
"疫苗,临床试验,喷新,全球,获准"
"中国,国药,生物,感染,临床"
"高风险,感染,国家,生物,疫情"
"国药,中国,生物,高风险,活疫苗"
"感染,活疫苗,生物,国药,中国"
"国药,中国,高风险,活疫苗,生物"
"高风险,感染,国家,生物,疫情"
"活疫苗,感染,生物,国药,中国"
"感染,高风险,国药,活疫苗,生物"
"取得,精英,人才,活疫苗,新冠"
"中国,国药,高风险,活疫苗,感染"
"中国,国药,活疫苗,鞭炮,生物"
"国药,中国,活疫苗,高风险,生物"
"疫苗,没有,技术,州长,英国"
"国药,生物,中国,感染,国产"
"疫苗,生物,抗体,国药,活疫苗"
"叙述,打新,中国,日出,美国"
"高风险,没有,疫情,世界,北京"
"国药,活疫苗,中国,高风险,生物"
"活疫苗,好消息,中国,国产,接种"
"国药,市场监管,中国,高风险,生物"
"国药,中国,活疫苗,高风险,生物"
"指南,中国,接种,人群,流感疫苗"
"生物,疫苗,国药,集团,上市"
"播报,使用,实现,国药,疫苗"
"国药,中国,活疫苗,高风险,生物"
"指南,中国,接种,流感疫苗,发布"
"国药,中国,活疫苗,感染,高风险"
"流感,中国,工作,新冠,流感疫苗"
"指南,中国,接种,人群,流感疫苗"
"国药,活疫苗,中国,生物,感染"
"活疫苗,国药,高风险,中国,生物"
"中国,指南,接种,流感疫苗,发布"
"指南,中国,接种,人群,流感疫苗"
"疫苗,生物,抗体,国药,活疫苗"
"国药,生物,中国,感染,国产"
"疫苗,生物,抗体,国药,活疫苗"
"指南,中国,接种,人群,流感疫苗"
"中国,国药,生物,高风险,感染"
"活疫苗,视频,国药,高风险,中国"
"中国,指南,接种,流感疫苗,发布"
"指南,中国,接种,流感疫苗,发布"
"中国,指南,接种,流感疫苗,发布"
"中国,发布,指南,接种,流感疫苗"
"流感疫苗,指南,接种,对象,优先"
"疫苗,新冠,中国,伴随,贸易"
"国药,活疫苗,中国,高风险,生物"
"国药,中国,生物,活疫苗,感染"
"指南,中国,接种,流感疫苗,发布"
"米国,疫苗,铁甲,接种,活疫苗"
"中国,指南,接种,流感疫苗,发布"
"活疫苗,高风险,国药,生物,中国"
"路线,进攻,活疫苗,打仗,展开"
"指南,中国,接种,人群,流感疫苗"
"感染,高风险,国药,生物,中国"
"疫苗,生物,抗体,国药,活疫苗"
"中国,国药,高风险,活疫苗,生物"
"中国,应该,提供,疫苗,无偿"
"疫苗,生物,抗体,国药,活疫苗"
"国药,生物,中国,感染,国产"
"中国,指南,接种,流感疫苗,发布"
"国药,中国,活疫苗,高风险,生物"
"中国,方案,疫苗,刺激,知道"
"国药,高风险,感染,生物,中国"
"国药,高风险,感染,生物,中国"
"国药,高风险,感染,生物,中国"
"国药,中国,活疫苗,高风险,生物"
"接种,发布,流感疫苗,指南,推荐"
"疫苗,生物,抗体,国药,活疫苗"
"国药,中国,活疫苗,感染,高风险"
"国药,中国,活疫苗,高风险,生物"
"生物,国药,高风险,活疫苗,中国"
"疫苗,国药,活疫苗,感染,中国"
"巴西,疫苗,生物,州长,科兴"
"活疫苗,疫苗,国药,神威,负责人"
"巴西,中国,疫苗,州长,美国"
"流感,接种,人群,流感疫苗,新冠"
"人群,流感,新冠,接种,机构"
"国药,中国,活疫苗,高风险,生物"
"疫苗,生物,抗体,国药,活疫苗"
"高风险,国药,活疫苗,生物,中国"
"国药,活疫苗,中国,高风险,生物"
"指南,中国,接种,人群,流感疫苗"
"国药,中国,高风险,活疫苗,生物"
"高风险,国药,备用,中国,活疫苗"
"生物,国药,活疫苗,高风险,中国"
"中国,指南,接种,流感疫苗,发布"
"国药,中国,活疫苗,高风险,生物"
"感染,活疫苗,国药,高风险,生物"
"疫苗,新冠,抗疫,中国,提供"
"重组,疫苗,新冠,中国,扩大"
"高风险,感染,活疫苗,新冠,员工"
"播报,使用,实现,全球,国药"
"国药,活疫苗,高风险,生物,中国"
"活疫苗,国产,亮相,上市,视频"
"疫苗,中国,获得,全球,攻势"
"国药,高风险,活疫苗,生物,中国"
"疫苗,秘鲁,中国,开始,进行"
"接种,发布,流感疫苗,指南,推荐"
"国药,活疫苗,生物,中国,高风险"
"活疫苗,国药,中国,感染,高风险"
"疫苗,生物,科兴,接种,反应"
"活疫苗,意向,审批,上有,临床"
"中国,领先,无需,世界,疫苗"
"国药,高风险,活疫苗,感染,中国"
"指南,中国,接种,人群,流感疫苗"
"国药,高风险,学生,学联,生物"
"国药,活疫苗,中国,高风险,生物"
"疫苗,巴西,中国,科兴,生物"
"感染,国药,高风险,生物,活疫苗"
"国药,高风险,感染,生物,中国"
"国药,中国,生物,临床,国家"
"巴西,疫苗,中心,科兴,生物"
"疫苗,生物,抗体,国药,活疫苗"
"巴西,疫苗,州长,中国,科兴"
"感染,疫苗,国产,紫色,火焰"
"疫苗,生物,抗体,国药,活疫苗"
"感染,国药,高风险,生物,活疫苗"
"国药,中国,高风险,生物,活疫苗"
"指南,中国,接种,发布,人群"
"感染,国药,高风险,生物,活疫苗"
"国药,中国,活疫苗,高风险,生物"
"没有,打上,旅游,公民,期待"
"活疫苗,笑话,娱乐,病毒,国产"
"指南,中国,接种,发布,人群"
"生物,使用,股票,中国,疫苗"
"感染,国药,中国,高风险,有限公司"
"疫苗,中国,获得,美国,处于"
"国药,高风险,生物,中国,国家"
"中国,指南,发布,接种,人群"
"疫苗,科兴,巴西,生物,出现"
"中国,国药,国产,活疫苗,生物"
"上海,临床试验,新冠,疫苗,时间"
"国药,活疫苗,高风险,生物,中国"
"国药,中国,生物,活疫苗,网络"
"接种,中国,国药,活疫苗,生物"
"疫苗,巴西,生物,州长,科兴"
"新冠,疫苗,研制,院士,东莞"
"疫苗,中国,计划,排队,划线"
"疫苗,群体,新冠,流感,攻击"
"接种,开始,中疾,疫苗,指南"
"国药,活疫苗,高风险,生物,中国"
"接种,可达,疫苗,新冠,关注"
"疫苗,中国,开始,国药,调查"
"人群,流感,人员,机构,新冠"
"新冠,方面,接种,国产,活疫苗"
"中国,国药,活疫苗,感染,生物"
"中国,指南,优先,肺炎,疫情"
"感染,国药,高风险,国家,好消息"
"感染,国药,高风险,活疫苗,国家"
"人群,接种,流感,机构,流感疫苗"
"媒体,国药,感染,活疫苗,中国"
"疫苗,接种,中国,手机,亦可"
"国药,活疫苗,高风险,生物,中国"
"中国,疫苗,经济,疫情,美国"
"国药,活疫苗,高风险,生物,中国"
"疫苗,英国,重点,中国,新冠"
"流感,流感疫苗,接种,风险,疾控中心"
"国药,高风险,生物,中国,活疫苗"
"流感,流感疫苗,风险,疾控中心,接种"
"速度,活疫苗,国产,中国,接种"
"抗体,人种,结束,国产,新冠"
"国药,高风险,活疫苗,中国,感染"
"临床试验,喷新,疫苗,启动,显示"
"流感疫苗,流感,朝阳,新冠,接种"
"感染,高风险,活疫苗,接受,媒体"
"疫苗,中国,朋友,新冠,修复"
"疫苗,效应,免疫,院士,挑战"
"入境,隔离,流感,新冠,风险"
"流感,新冠,选择,叠加,流感疫苗"
"美国,中国,权利,得到,疫苗"
"疫苗,挑战,新冠,面临,成本"
"疫苗,中国,副作用,全部,认为"
"疫苗,挑战,新冠,面临,成本"
"疫苗,效应,免疫,挑战,面临"
"生物,国药,活疫苗,高风险,中国"
"武汉,志愿者,视察,疫苗,全世界"
"关注,外媒,中国,接种,疫苗"
"武汉,志愿者,视察,全世界,疫苗"
"新冠,疫苗,中国,接种,试验"
"国药,高风险,活疫苗,中国,生物"
"流感疫苗,流感,接种,新冠,读懂"
"疫苗,研究,科研人员,新冠,国药"
"发布,中国,疾控中心,陇南,提醒"
"武汉,人民,志愿者,视察,英雄"
"高风险,国药,活疫苗,生物,中国"
"茅台,武汉,志愿者,视察,贵州"
"感染,国药,高风险,生物,活疫苗"
"发布,中国,疾控中心,疫情,提醒"
"武汉,人民,志愿者,视察,英雄"
"武汉,驻守,奠基仪式,肺炎,新冠"
"疫苗,中国,接种,新冠,注射"
"视察,武汉,交流,人民,疫苗"
"高风险,感染,接种,生物,国药"
"疫苗,全世界,知道,等待,新冠"
"活疫苗,国药,接种,供应,上市"
"疫苗,时间,新冠,接种,院士"
"疫苗,抗w,病毒,接N,新冠"
"中国,国药,生物,国家,临床"
"武汉,疫苗,新冠,侧弯,院士"
"流感疫苗,中国,接种,指南,优先"
"武汉,视察,专题,人民,情况"
"疫苗,新冠,病毒,距离,走到"
"武汉,志愿者,视察,疫苗,全世界"
"国药,高风险,生物,活疫苗,中国"
"流感疫苗,中国,接种,指南,优先"
"武汉,人民,英雄,疫苗,院士"
"武汉,志愿者,视察,疫苗,全世界"
"流感疫苗,流感,北京,接种,新冠"
"武汉,视察,人民,英雄,专题"
"武汉,视察,人民,英雄,专题"
"疾控中心,提醒,新冠,中国,风险"
"接受,国药,感染,生物,中国"
"感染,给力,接种,活疫苗,国产"
"清风,视频,新冠,全世界,院士"
"巴西,疫苗,中国,进行,临床试验"
"武汉,人民,视察,法姐,疫苗"
"武汉,志愿者,视察,疫苗,全世界"
"流感疫苗,流感,人员,指南,接种"
"中国,研制,北京,重组,见证"
"临床,播报,疫苗,进入,打平"
"中国,北京,提出,研制,重组"
"武汉,视察,院士,专题,人民"
"武汉,视察,专题,人民,有点"
"武汉,视察,院士,专题,人民"
"感染,国药,高风险,生物,中国"
"武汉,视察,院士,专题,人民"
"中国,疫苗,实验室,记者,新冠"
"美国,新冠,中国,抹黑,疫苗"
"疫苗,变异,覆盖,病毒,新冠"
"接种,抗体,产生,疫苗,价格"
"疫苗,新冠,中国,中心,审评"
"中国,北京,疫苗,上海,人民"
"感染,中国,国药,生物,高风险"
"问题,中国,类似,发现,个案"
"专家,试验,个案,中国,疫苗"
"疫苗,新冠,中国,国家,美国"
"个案,试验,中国,专家,疫苗"
"疫苗,可能,大家,结束,病毒"
"武汉,疫苗,人民,数据,院士"
"预防,流感疫苗,风险,叠加,人群"
"疫苗,新冠,时候,上市,预防"
"个案,试验,中国,专家,疫苗"
"新冠,视察,疫苗,肺炎,情况"
"埃及,疫苗,新冠,临床试验,中国"
"流感,中国,工作,新冠,流感疫苗"
"武汉,病毒,疫苗,感染,数据"
"接种,中国,指南,优先,发布"
"疫苗,新冠,时候,上市,预防"
"问题,院士,指出,创新,面临"
"疫苗,中国,需要,新冠,头条"
"流感疫苗,流感,接种,新冠,读懂"
"发布,疾控中心,中国,流感疫苗,叠加"
"中国,疾控中心,发布,提醒,流感疫苗"
"活疫苗,关注,三价,人群,肺炎"
"高风险,使用,实现,活疫苗,感染"
"抗疫,全球"
"中国,疫情,新冠,新闻,美国"
"疫苗,喷新,临床试验,科技,流感"
"疫苗,中国,国家,接种,亮相"
"高州,世界,活疫苗,感染,中国"
"接种,疫情,疫苗,社会,人员"
"接种,疫苗,疫情,建议,进行"
"疫苗,新冠,中国,贸会,成服"
"新冠,中国,能否,病毒,应对"
"高风险,国药,新冠,感染,微信"
"疫情,接种,建议,疫苗,分层"
"国药,中国,生物,高风险,活疫苗"
"贸易,活疫苗,中国,新冠,国产"
"疫情,疫苗,接种,建议,进行"
"博会,疫苗,实验,参加,政府"
"新冠,疫苗,流感病毒,肺炎,载体"
"新冠,疫情,分层,疫苗,建议"
"疫情,疫苗,接种,建议,进行"
"接种,疫苗,疫情,问题,需要"
"测试,恢复,疫苗,中国,新冠"
"国药,活疫苗,感染,高风险,生物"
"恢复,英国,疫苗,新冠,测试"
"恢复,测试,加油,疫苗,中国"
"英国,恢复,疫苗,新冠,公司"
"疫苗,新冠,临床试验,载体,减毒"
"进行,分层,建议,接种,控制"
"人群,流感,人员,流感疫苗,机构"
"美国,解禁,入境,中国,新冠"
"活疫苗,三价,喷新,启动,临床试验"
"发布,疾控中心,中国,风险,流感疫苗"
"疫苗,接种,疫情,进行,问题"
"英国,恢复,疫苗,公司,阿斯利康"
"疫苗,接种,深圳,新冠,商报"
"指南,中国,发布,接种,流感疫苗"
"美国,病毒,总统,人民,疫苗"
"国家,南海,中国,爆发,疫苗"
"新闻,网易,不用,中国,建议"
"放心,感染,中国,国药,东西"
"新冠,肺炎,疫情,新增,巴西"
"流感疫苗,接种,流感,预防,存在"
"流感疫苗,接种,流感,预防,存在"
"流感疫苗,接种,流感,了解,预防"
"流感疫苗,接种,流感,预防,了解"
"人群,人员,机构,流感,月龄"
"流感疫苗,接种,流感,预防,存在"
"流感疫苗,接种,流感,预防,派出所"
"接种,流感疫苗,流感,预防,存在"
"流感疫苗,接种,流感,预防,了解"
"流感疫苗,接种,流感,预防,了解"
"流感疫苗,接种,流感,预防,存在"
"流感疫苗,接种,流感,预防,存在"
"流感疫苗,接种,流感,预防,存在"
"流感疫苗,接种,流感,预防,了解"
"讨论,全会,病毒,行长,检测"
"流感疫苗,接种,流感,预防,服务"
"流感疫苗,接种,流感,预防,了解"
"流感疫苗,接种,流感,预防,存在"
"流感疫苗,接种,提示,流感,预防"
"流感疫苗,接种,流感,预防,了解"
"流感疫苗,接种,流感,预防,了解"
"流感疫苗,接种,流感,了解,预防"
"流感疫苗,接种,流感,预防,了解"
"流感疫苗,接种,流感,预防,存在"
"流感疫苗,接种,流感,预防,了解"
"流感疫苗,接种,流感,预防,了解"
"流感疫苗,接种,流感,预防,了解"
"流感疫苗,接种,流感,预防,了解"
"流感疫苗,接种,流感,预防,了解"
"国药,中国,生物,高风险,法院"
"流感疫苗,接种,流感,预防,了解"
"流感疫苗,接种,流感,预防,了解"
"巴西,疫苗,中国,接种,测试"
"流感疫苗,接种,流感,预防,存在"
"流感疫苗,接种,流感,预防,了解"
"流感疫苗,接种,流感,预防,了解"
"流感疫苗,接种,流感,预防,存在"
"流感疫苗,接种,流感,预防,存在"
"流感疫苗,接种,流感,预防,存在"
"流感疫苗,接种,流感,预防,了解"
"流感疫苗,接种,流感,预防,了解"
"国药,新冠,集团,中国,生物"
"流感疫苗,接种,流感,医疗卫生,预防"
"流感疫苗,接种,流感,预防,存在"
"流感疫苗,接种,流感,预防,发布"
"流感疫苗,接种,流感,预防,存在"
"流感疫苗,接种,流感,预防,了解"
"流感疫苗,接种,流感,预防,了解"
"提醒,流感,叠加,新冠,风险"
"接种,流感,流感疫苗,预防,存在"
"流感疫苗,接种,流感,预防,了解"
"流感疫苗,接种,流感,预防,了解"
"流感疫苗,接种,流感,预防,了解"
"流感疫苗,接种,流感,预防,监管"
"流感疫苗,接种,流感,预防,存在"
"流感疫苗,流感,接种,转发,预防"
"流感疫苗,接种,流感,教育,预防"
"流感疫苗,接种,流感,预防,存在"
"流感疫苗,接种,流感,预防,了解"
"流感疫苗,接种,流感,预防,存在"
"国药,中国,生物,高风险,活疫苗"
"接种,疫苗,减少,方式,大家"
"流感疫苗,接种,流感,预防,了解"
"流感疫苗,接种,流感,预防,存在"
"流感疫苗,接种,流感,预防,了解"
"流感疫苗,接种,流感,徐州,预防"
"流感疫苗,接种,流感,预防,了解"
"流感疫苗,接种,流感,预防,了解"
"流感疫苗,接种,流感,预防,了解"
"流感疫苗,接种,流感,预防,了解"
"流感疫苗,接种,流感,预防,了解"
"流感疫苗,接种,流感,预防,了解"
"流感疫苗,接种,流感,预防,了解"
"接种,流感疫苗,流感,预防,了解"
"流感疫苗,接种,流感,预防,了解"
"流感疫苗,接种,流感,预防,存在"
"疫苗,进行,接种,中国,疫情"
"流感疫苗,接种,流感,瑞安,预防"
"流感疫苗,接种,流感,预防,存在"
"流感疫苗,接种,流感,预防,了解"
"流感疫苗,接种,流感,预防,了解"
"核心,港股,配置,资产,美国"
"流感,团总支,预防,存在,学院"
"中国,国药,生物,临床,国家"
"疫苗,中国,上市,预期,生物"
"流感疫苗,接种,流感,预防,了解"
"流感疫苗,接种,流感,预防,了解"
"流感疫苗,接种,流感,预防,了解"
"流感疫苗,接种,流感,预防,了解"
"流感疫苗,接种,流感,预防,存在"
"流感疫苗,接种,流感,预防,存在"
"流感疫苗,接种,流感,预防,电视台"
"流感疫苗,接种,流感,预防,了解"
"流感疫苗,接种,流感,预防,存在"
"流感疫苗,接种,流感,预防,了解"
"流感疫苗,接种,流感,预防,了解"
"国药,中国,高风险,生物,房村"
"流感疫苗,接种,流感,预防,了解"
"流感疫苗,接种,流感,预防,了解"
"国药,高风险,生物,中国,截至"
"西安,转发,电视台,了解,官方"
"流感疫苗,接种,流感,预防,存在"
"流感疫苗,接种,流感,预防,存在"
"流感疫苗,接种,流感,时间,预防"
"流感疫苗,接种,流感,预防,存在"
"流感疫苗,接种,流感,预防,了解"
"流感疫苗,接种,流感,预防,存在"
"流感疫苗,接种,流感,预防,存在"
"流感疫苗,接种,流感,预防,存在"
"流感疫苗,接种,流感,预防,存在"
"存在,新冠,流感,叠加,准备"
"流感疫苗,接种,流感,预防,存在"
"流感疫苗,接种,流感,预防,存在"
"流感疫苗,接种,流感,预防,了解"
"流感疫苗,接种,流感,执法,预防"
"接种,流感疫苗,流感,预防,中国"
"疫苗,亮相,董事长,国产,生物"
"流感,预防,存在,新冠,叠加"
"流感疫苗,接种,流感,预防,了解"
"接种,流感疫苗,流感,预防,存在"
"流感疫苗,接种,流感,预防,了解"
"流感疫苗,接种,流感,了解,预防"
"国药,中国,生物,高风险,活疫苗"
"流感疫苗,接种,流感,预防,了解"
"流感疫苗,接种,流感,预防,存在"
"流感疫苗,接种,流感,预防,存在"
"中国,王牌,冠姓,纵横,冠恶"
"流感疫苗,接种,流感,预防,了解"
"转发,西安,了解"
"流感疫苗,接种,流感,预防,存在"
"接种,流感疫苗,流感,预防,转发"
"流感疫苗,接种,流感,预防,存在"
"流感疫苗,新冠,流感,病毒,预防"
"流感疫苗,接种,流感,预防,存在"
"流感疫苗,接种,流感,预防,了解"
"生命,工作者,坚守,获得者,抗疫"
"流感疫苗,接种,流感,预防,存在"
"流感疫苗,接种,流感,预防,存在"
"中国,疫苗,生物,临床试验,超过"
"流感疫苗,接种,流感,预防,城市"
"接种,流感疫苗,流感,预防,存在"
"流感疫苗,接种,流感,预防,了解"
"流感疫苗,接种,流感,预防,存在"
"生产,疫苗,车间,中国,进入"
"新冠,阿联酋,中国,疫苗,批准"
"中国,疫苗,表示,参考,订金"
"原油,油价,疫苗,上行,黄金"
"病毒,新冠,揭示,课题组,国际"
"疫苗,中国,新冠,疫情,蔓延"
"杂志,疫苗,专访,日本,报道"
"病毒,新冠,揭示,课题组,国际"
"疫苗,新冠,载体,流感病毒,临床试验"
"疫苗,新冠,载体,免疫,流感病毒"
"疫苗,新冠,中国,巴林,临床试验"
"生产,疫苗,车间,中国,进入"
"新冠,疫苗,中国,巴林,临床试验"
"疫苗,美国,新冠,参与,才能"
"新闻,新冠,志愿者,培养,中国"
"疫苗,新冠,高质量,影响,变异"
"新冠,土耳其,疫苗,科兴,中国"
"中国,新冠,土耳其,疫苗,科兴"
"疫苗,新冠,变白,病魔,受到"
"中国,纪录片,精选,内陆,山脉"
"疫苗,新冠,世卫,表示,首席"
"新冠,疫苗,世卫,科学家,中国"
"消息,新冠,中国,证明,疫苗"
"疫苗,新冠,世卫,中国,临床试验"
"新冠,疫苗,世卫,表示,首席"
"疫苗,输入,提防,证明,风口"
"疫苗,走强,指数,涨停,反弹"
"疫苗,世卫,组织,参与,新冠"
"新冠,疫苗,世卫,首席,组织"
"天气,食品,在外,场所,新冠"
"新冠,疫苗,世卫,科学家,中国"
"中国,辩论,重庆,科学家,新冠"
"新冠,疾病,疫苗,中国,医务人员"
"疫苗,接种,合作,大会,国家"
"临床,中国,生物,活疫苗,预期"
"临床,中国,生物,预期,股份"
"疫苗,新冠,范围,定价,价格"
"疫苗,中国,保护,科学家,路网"
"新冠,疫苗,新闻,打卡,公园"
"海鲜,感染,接触,进口,财经"
"疫苗,进入,科技部,新冠,中国"
"新冠,疫苗,价格,大众,范围"
"疫苗,新冠,病毒,出现,相关"
"疫苗,新冠,病毒,出现,相关"
"新冠,疫苗,价格,范围,满足"
"新冠,疫苗,价格,范围,满足"
"疫苗,可能,新冠,批准,新闻"
"疫苗,中国,保护,科学家,首席"
"新冠,疫苗,铁路,价格,范围"
"疫苗,新冠,病毒,出现,相关"
"疫苗,上市,新冠,受试者,研究"
"新冠,疫苗,火车站,价格,范围"
"疫苗,进入,载体,病毒,新冠"
"新冠,疫苗,价格,范围,满足"
"飞机,中国,死亡,转基因,飞行"
"新冠,疫苗,价格,定价,范围"
"疫苗,了解,发展,定价,帮助"
"美国,脸书,疫苗,中国,新冠"
"疫苗,新冠,临床试验,中国,疫情"
"疫苗,俄罗斯,接种,公司,中国"
"疫苗,关注,肺炎,世卫,大"
"中国,试验,国际,疫苗,启动"
"新冠,疫苗,全球,临床,范围"
"视频,新冠,印尼,战疫,全球"
"疫苗,临床试验,接种,中国,新冠"
"疫苗,临床试验,接种,埃及,中国"
"疫苗,新冠,武汉,研究所,启动"
"疫苗,生产线,新冠,投产,安装"
"疫苗,中国,产品,全球,作为"
"中国,疫苗,全球,产品,新冠"
"疫苗,人群,工作人员,人员,包括"
